"region","city","lat","lng","total_2016","median_income","percent_pop_aian","percent_pop_change","percent_pop_poverty","comm_pcnt_initial","comm_age_change_1980_2016","subs_year","subs_percent_households_harvesting","subs_percent_households_using","subs_lbs_per_capita_harvest","pu_lbs_harvested","pu_lbs_per_capita","sport_license_per_capita"
"Alaska Peninsula and Aleutian Islands","Adak",51.88,-176.6580556,122,75000,0.0983606557377049,NA,0.368852459016393,NA,NA,NA,NA,NA,NA,NA,NA,0.0901639344262295
"Kodiak","Akhiok",56.9455556,-154.1702778,74,25000,0.932432432432432,-0.295238095238095,0.297297297297297,0.2,9,2004,100,100,121.9,NA,NA,0.243243243243243
"Kuskokwim","Akiachak",60.9094444,-161.4313889,584,32917,0.958904109589041,0.333333333333333,0.297945205479452,0.738095238095238,9.5,1998,87.7,97.5,649.15,40.62,0.0695547945205479,0.272260273972603
"Kuskokwim","Akiak",60.9122222,-161.2138889,407,41563,0.987714987714988,1.05555555555556,0.388206388206388,-0.25,23.5,2010,66.66666,95.2381,291.9764,NA,NA,0.162162162162162
"Alaska Peninsula and Aleutian Islands","Akutan",54.1355556,-165.7730556,782,24464,0.127877237851662,3.62721893491124,0.166240409207161,NA,NA,2008,58.3,88.9,146.222,NA,NA,0.0370843989769821
"Yukon","Alakanuk",62.6888889,-164.6152778,737,32000,0.937584803256445,0.411877394636015,0.431478968792402,-0.221052631578947,6.5,1980,100,NA,197.57,NA,NA,0.207598371777476
"Yukon","Alatna",66.5638889,-152.6666667,1,NA,1,NA,0,NA,NA,2011,33.33333,50,27.32397,NA,NA,NA
"Yukon","Alcan Border",NA,NA,36,NA,0.138888888888889,NA,0,NA,NA,NA,NA,NA,NA,NA,NA,NA
"Bristol Bay","Aleknagik",59.2730556,-158.6177778,189,40833,0.899470899470899,0.227272727272727,0.142857142857143,-0.703703703703704,12.5,2008,87.5,100,143.3626,NA,NA,0.455026455026455
"Kodiak","Aleneva",58.06,-152.9097222,45,NA,0,NA,0,NA,NA,NA,NA,NA,NA,NA,NA,NA
"Yukon","Allakaket",66.5655556,-152.6455556,105,27344,0.752380952380952,-0.355828220858896,0.104761904761905,NA,NA,2011,35.71429,66.66666,151.8305,0,0,0.314285714285714
"Kotzebue","Ambler",67.0861111,-157.8513889,295,41429,0.955932203389831,0.536458333333333,0.230508474576271,-0.5,4.5,2012,39.6,67.9,35.73885,391.81,1.32816949152542,0.145762711864407
"Arctic","Anaktuvuk Pass",68.1433333,-151.7358333,273,54375,0.908424908424908,0.344827586206897,0.256410256410256,NA,NA,2014,1.9,41.5,0.7115293,440.97,1.61527472527473,0.120879120879121
"Cook Inlet","Anchorage",61.2180556,-149.9002778,299321,80862,0.115314328095924,0.715985117324329,0.0790188459880864,0.22972972972973,14,NA,NA,NA,NA,912035.6,3.04701507745865,0.221989102000862
"Cook Inlet","Anchor Point",59.7766667,-151.8313889,2018,54855,0.068384539147671,7.92920353982301,0.0847373637264618,-0.184210526315789,22,NA,NA,NA,NA,9865.03,4.88851833498513,0.546580773042616
"Yukon","Anderson",64.3441667,-149.1869444,168,90000,0.0892857142857143,-0.67504835589942,0,NA,NA,2015,40,74,36.72869,301.58,1.79511904761905,0.30952380952381
"Southeast","Angoon",57.5033333,-134.5838889,448,27250,0.544642857142857,-0.0365591397849462,0.234375,-0.841269841269841,3.5,2012,64.7,92.2,37.2,NA,NA,0.366071428571429
"Kuskokwim","Aniak",61.5783333,-159.5222222,526,59464,0.798479087452472,0.542521994134897,0.239543726235741,0.666666666666667,26.5,2009,77.30496,91.48936,190.045,NA,NA,0.355513307984791
"Yukon","Anvik",62.6561111,-160.2066667,86,21875,1,-0.245614035087719,0.244186046511628,4,27,2011,79.17,100,231.7781,NA,NA,0.418604651162791
"Yukon","Arctic Village",68.1269444,-145.5377778,137,25000,0.91970802919708,0.234234234234234,0.45985401459854,NA,NA,NA,NA,NA,NA,84.01,0.613211678832117,0.0364963503649635
"Alaska Peninsula and Aleutian Islands","Atka",52.1961111,-174.2005556,51,57500,0.666666666666667,-0.451612903225806,0.0196078431372549,-1,NA,1994,78.6,96.4,94.8,NA,NA,0.196078431372549
"Kuskokwim","Atmautluak",60.8669444,-162.2730556,231,NA,1,0.0547945205479452,0.346320346320346,-0.285714285714286,14,NA,NA,NA,NA,NA,NA,0.0216450216450216
"Arctic","Atqasuk",70.4691667,-157.3994444,167,57500,0.964071856287425,NA,0.221556886227545,1,NA,NA,NA,NA,NA,57.39,0.343652694610778,0.0838323353293413
"Alaska Peninsula and Aleutian Islands","Attu Station",NA,NA,15,NA,0,NA,0,NA,NA,NA,NA,NA,NA,NA,NA,NA
"Yukon","Badger",64.8,-147.5333333,19830,77384,0.101613716591024,NA,0.0733232476046394,NA,NA,NA,NA,NA,NA,NA,NA,NA
"Arctic","UtqiaÄ¡vik",71.2905556,-156.7886111,4316,78804,0.669369786839666,0.955595831445401,0.139481000926784,3,NA,2014,23.9,68.7,10.77441,5753.13,1.33297729379055,0.0713623725671918
"Cook Inlet","Bear Creek",60.1641667,-149.395,1389,82788,0.128869690424766,NA,0.107991360691145,NA,NA,NA,NA,NA,NA,NA,NA,NA
"Yukon","Beaver",66.3594444,-147.3963889,46,24000,1,-0.303030303030303,0.282608695652174,NA,NA,2011,44,100,154.3921,NA,NA,0.41304347826087
"Cook Inlet","Beluga",61.1411111,-151.0827778,5,NA,0.4,NA,0.4,NA,NA,2006,85.7,92.9,87.6,NA,NA,0.6
"Kuskokwim","Bethel",60.7922222,-161.7558333,6365,77631,0.669599371563236,0.779921700223714,0.13197172034564,0.124137931034483,21,2012,52.1,90.3,68.75323,494.11,0.0776292223095051,0.143126472898665
"Yukon","Bettles",66.9188889,-151.5161111,36,68125,0.25,NA,0,NA,NA,2011,12.5,37.5,4.2365,62.16,1.72666666666667,0.0277777777777778
"Yukon","Big Delta",64.1525,-145.8422222,577,80250,0.0329289428076256,1.02456140350877,0.102253032928943,NA,NA,NA,NA,NA,NA,NA,NA,NA
"Cook Inlet","Big Lake",61.5213889,-149.9544444,3552,68875,0.124718468468468,7.66341463414634,0.110923423423423,9,21.5,NA,NA,NA,NA,9187.14,2.58646959459459,0.304335585585586
"Yukon","Birch Creek",66.2590355,-145.8190168,3,NA,1,-0.90625,1,NA,NA,NA,NA,NA,NA,NA,NA,NA
"Norton Sound","Brevig Mission",65.3347222,-166.4891667,417,33958,0.992805755395683,2.02173913043478,0.537170263788969,NA,NA,2006,64.5,66.1,89.25233,NA,NA,0.0431654676258993
"Kotzebue","Buckland",65.9797222,-161.1230556,616,44750,0.974025974025974,2.48022598870056,0.233766233766234,2,NA,2003,38.55422,65.06024,58.73017,0,0,0.0665584415584416
"Cook Inlet","Buffalo Soapstone",NA,NA,836,67321,0.123205741626794,NA,0.0538277511961723,NA,NA,NA,NA,NA,NA,NA,NA,NA
"Cook Inlet","Butte",61.5422222,-149.0333333,3905,77750,0.0581306017925736,NA,0.102176696542894,NA,NA,NA,NA,NA,NA,NA,NA,0.000256081946222791
"Yukon","Cantwell",63.3916667,-148.9508333,204,55313,0.166666666666667,1.29213483146067,0.0833333333333333,1,NA,2012,27.2,70.9,15.18136,325.69,1.59651960784314,0.558823529411765
"Yukon","Central",65.5725,-144.8030556,42,21250,0.0714285714285714,0.166666666666667,0.0714285714285714,NA,NA,NA,NA,NA,NA,97.13,2.31261904761905,0.547619047619048
"Yukon","Chalkyitsik",66.6544444,-143.7222222,120,32500,0.875,0.2,0.316666666666667,NA,NA,NA,NA,NA,NA,NA,NA,0.225
"Cook Inlet","Chase",62.4491667,-150.1016667,8,NA,0,NA,0,NA,NA,2012,68.7,93.7,44.76698,NA,NA,NA
"Kuskokwim","Chefornak",60.16,-164.2658333,507,53333,0.970414201183432,1.20434782608696,0.153846153846154,-0.4,26,NA,NA,NA,NA,NA,NA,0.0690335305719921
"Yukon","Chena Ridge",NA,NA,5744,92405,0.110376044568245,NA,0.0468314763231198,NA,NA,NA,NA,NA,NA,NA,NA,NA
"Prince William Sound","Chenega",60.0663707,-148.012387,51,13333,0.823529411764706,NA,0.549019607843137,NA,NA,2014,50,90,126.7691,NA,NA,NA
"Yukon","Chevak",61.5277778,-165.5863889,1194,41417,0.896147403685092,1.56223175965665,0.323283082077052,1,NA,NA,NA,NA,NA,40.62,0.0340201005025126,0.092964824120603
"Cook Inlet","Chickaloon",61.7966667,-148.4627778,258,41406,0.0697674418604651,NA,0.170542635658915,NA,NA,1982,50,66.7,38.53,1369.03,5.30631782945736,0.151162790697674
"Yukon","Chicken",64.0733333,-141.9361111,0,NA,NA,-1,NA,NA,NA,NA,NA,NA,NA,0,NA,Inf
"Chignik","Chignik",56.2952778,-158.4022222,40,46250,0.575,-0.775280898876405,0,0.8,12.5,NA,NA,NA,NA,NA,NA,1.325
"Chignik","Chignik Lagoon",56.3084393,-158.5302391,59,81250,0.76271186440678,0.229166666666667,0.0508474576271186,2.28571428571429,9,2011,75,95,158.1426,NA,NA,0.88135593220339
"Chignik","Chignik Lake",56.2555556,-158.7625,71,36750,0.943661971830986,-0.485507246376812,0.0704225352112676,-0.333333333333333,18,2011,81.8,100,194.0189,NA,NA,0.535211267605634
"Kodiak","Chiniak",57.6319444,-152.1825,0,NA,NA,NA,NA,3,NA,1982,94.1,100,73.62,40.62,Inf,Inf
"Yukon","Chisana",62.0661111,-142.0408333,0,NA,NA,NA,NA,NA,NA,1987,33.3,83.3,3.54,NA,NA,NA
"Copper River","Chistochina",62.5717828,-144.6541704,69,NA,0.826086956521739,0.254545454545455,0.188405797101449,NA,NA,2009,51.8,85.1,94.21843,NA,NA,NA
"Copper River","Chitina",61.5158333,-144.4369444,76,NA,0.473684210526316,0.80952380952381,0.0657894736842105,-0.5,18,2012,63,93.4,191.5856,40.92,0.538421052631579,0.973684210526316
"Kuskokwim","Chuathbaluk",61.5719444,-159.245,109,35417,0.917431192660551,0.0380952380952381,0.486238532110092,NA,NA,2009,66.66666,96.66666,158.9823,NA,NA,0.174311926605505
"Yukon","Circle",65.8255556,-144.0605556,116,16667,0.681034482758621,0.432098765432099,0.603448275862069,NA,NA,NA,NA,NA,NA,NA,NA,0.258620689655172
"Cook Inlet","Clam Gulch",60.2311111,-151.3936111,198,39769,0.0606060606060606,2.96,0.0909090909090909,1.33333333333333,11.5,NA,NA,NA,NA,1936.3,9.77929292929293,0.686868686868687
"Bristol Bay","Clarks Point",58.8441667,-158.5508333,47,21875,0.829787234042553,-0.40506329113924,0.553191489361702,-0.590909090909091,23,2008,100,100,637.1648,NA,NA,0.531914893617021
"Southeast","Coffman Cove",56.0138889,-132.8277778,180,52083,0.0277777777777778,-0.0673575129533679,0.0666666666666667,4,NA,1998,82,94,63.35,NA,NA,0.7
"Cook Inlet","Cohoe",60.3686111,-151.3063889,1321,63929,0.0696442089326268,NA,0.149886449659349,-1,NA,NA,NA,NA,NA,NA,NA,NA
"Alaska Peninsula and Aleutian Islands","Cold Bay",55.1858333,-162.7211111,60,70000,0.216666666666667,-0.736842105263158,0,1,3,NA,NA,NA,NA,0,0,0.983333333333333
"Yukon","Coldfoot",67.2563889,-150.1841667,41,NA,0.0487804878048781,NA,0.24390243902439,NA,NA,2011,NA,25,NA,NA,NA,0.219512195121951
"Yukon","College",64.8569444,-147.8027778,14372,86796,0.139437795713888,2.5547860499629,0.0413999443362093,-1,NA,NA,NA,NA,NA,NA,NA,6.95797383801837e-05
"Cook Inlet","Cooper Landing",60.49,-149.8341667,489,66167,0.0511247443762781,3.21551724137931,0.100204498977505,3,6,1990,61.6,85.8,39.45,524.22,1.0720245398773,0.566462167689162
"Copper River","Copper Center",61.9769598,-145.3297294,335,43125,0.432835820895522,0.572769953051643,0.0447761194029851,0.333333333333333,18,2010,63.7,90,129.2549,546.83,1.63232835820896,1.2089552238806
"Prince William Sound","Cordova",60.5427778,-145.7575,3047,107771,0.130948473908763,0.621607237892496,0.0416803413193305,-0.297008547008547,17,2014,70,90,43.82158,174.41,0.0572399081063341,0.532655070561208
"Southeast","Covenant Life",59.4172222,-136.025,143,34049,0.0629370629370629,NA,0,NA,NA,NA,NA,NA,NA,NA,NA,NA
"Southeast","Craig",55.4763889,-133.1483333,1257,62500,0.309466984884646,1.38519924098672,0.166268894192522,0.652777777777778,15,1997,69.4,88.4,64.61,41.93,0.033357199681782,0.820206841686555
"Kuskokwim","Crooked Creek",61.87,-158.1108333,65,NA,0.861538461538462,-0.398148148148148,0.384615384615385,NA,NA,2009,75.75758,90.90909,171.0632,NA,NA,0.646153846153846
"Cook Inlet","Crown Point",60.4222222,-149.3666667,108,55714,0,NA,0,NA,NA,NA,NA,NA,NA,NA,NA,NA
"Kotzebue","Deering",66.0755556,-162.7172222,150,43750,0.986666666666667,0,0.133333333333333,-0.333333333333333,33.5,1994,75.7,94.6,183.1,NA,NA,0.133333333333333
"Yukon","Delta Junction",64.0377778,-145.7322222,1050,76667,0.0295238095238095,0.111111111111111,0.111428571428571,16,-21.5,NA,NA,NA,NA,31648.29,30.1412285714286,1.57904761904762
"Yukon","Deltana",NA,NA,2409,75250,0.0099626400996264,NA,0.099626400996264,NA,NA,NA,NA,NA,NA,NA,NA,NA
"Yukon","Denali Park",63.7327778,-148.9141667,619,67292,0.061389337641357,NA,0.193861066235864,NA,NA,2015,37.7,78.3,25.66195,3199.19,5.16831987075929,0.0484652665589661
"Cook Inlet","Diamond Ridge",59.6761111,-151.5575,1201,78553,0.0507910074937552,NA,0.0549542048293089,NA,NA,NA,NA,NA,NA,NA,NA,NA
"Bristol Bay","Dillingham",59.0397222,-158.4575,2296,71146,0.648954703832753,0.468969929622521,0.0884146341463415,-0.125560538116592,16,2010,70.39784,91.17518,130.5829,74,0.0322299651567944,0.525261324041812
"Kotzebue","Diomede",65.7581,-168.952,55,18333,1,-0.60431654676259,0.527272727272727,NA,NA,NA,NA,NA,NA,NA,NA,0.0181818181818182
"Yukon","Dot Lake",63.6613889,-144.0644444,0,NA,NA,-1,NA,1,NA,2011,42.85714,100,44.16406,NA,NA,Inf
"Yukon","Dot Lake Village",63.6508333,-144.0438889,65,30000,0.8,NA,0.184615384615385,NA,NA,NA,NA,NA,NA,NA,NA,NA
"Yukon","Dry Creek",63.6533333,-144.6652778,91,40781,0,NA,0.0549450549450549,NA,NA,2011,3.703704,100,17.22854,NA,NA,NA
"Yukon","Eagle",64.7880556,-141.2,84,NA,0.0476190476190476,-0.236363636363636,0.285714285714286,-1,NA,NA,NA,NA,NA,38.85,0.4625,0.642857142857143
"Yukon","Eagle Village",64.7805556,-141.1136111,21,48750,0.523809523809524,-0.611111111111111,0.0476190476190476,NA,NA,NA,NA,NA,NA,NA,NA,0.0476190476190476
"Southeast","Edna Bay",55.9488889,-133.6622222,0,NA,NA,NA,NA,11,NA,1998,100,100,54.62,NA,NA,Inf
"Kuskokwim","Eek",60.2188889,-162.0244444,472,43750,0.980932203389831,1.07017543859649,0.222457627118644,-0.0697674418604651,9,2013,54.7,92.2,71.48791,40.62,0.0860593220338983,0.207627118644068
"Bristol Bay","Egegik",58.2155556,-157.3758333,80,NA,0.325,0.0666666666666667,0.1875,-0.796296296296296,23,2014,80,90,143.4931,NA,NA,0.35
"Yukon","Eielson AFB",NA,NA,2826,57054,0.0290162774239207,-0.459862385321101,0.0364472753007785,NA,NA,NA,NA,NA,NA,NA,NA,NA
"Bristol Bay","Ekwok",59.3497222,-157.4752778,79,32500,0.962025316455696,0.025974025974026,0.291139240506329,-0.8125,25,1987,65.5,89.7,456.18,NA,NA,0.620253164556962
"Southeast","Elfin Cove",58.1944444,-136.3433333,26,112500,0.307692307692308,-0.0714285714285714,0,-0.105263157894737,25,1987,100,100,80.52,NA,NA,1.61538461538462
"Norton Sound","Elim",64.6175,-162.2605556,300,36875,0.98,0.421800947867299,0.28,-0.340909090909091,2.5,2006,94.2,96.1,211.9534,NA,NA,0.0866666666666667
"Yukon","Emmonak",62.7777778,-164.5230556,808,43594,0.969059405940594,0.425044091710758,0.267326732673267,-0.0467289719626168,11.5,2008,70.6,96.3,191.5195,NA,NA,0.318069306930693
"Yukon","Ester",64.8472222,-148.0144444,2727,69076,0.0517051705170517,17.3020134228188,0.0293362669600293,NA,NA,NA,NA,NA,NA,5183.12,1.90066740007334,0.0909424275760909
"Copper River","Eureka Roadhouse",61.9386111,-147.1680556,0,NA,NA,NA,NA,NA,NA,NA,NA,NA,NA,NA,NA,NA
"Yukon","Evansville",66.9227778,-151.5080556,11,26250,0.818181818181818,-0.882978723404255,0,NA,NA,2011,7.692307,61.53846,7.36722,NA,NA,NA
"Southeast","Excursion Inlet",58.4213889,-135.4366667,53,NA,0.169811320754717,NA,0.0943396226415094,NA,NA,NA,NA,NA,NA,NA,NA,NA
"Yukon","Fairbanks",64.8377778,-147.7163889,32578,56306,0.112437841488121,0.438639876352396,0.10820185401191,1.02439024390244,17,NA,NA,NA,NA,205314.84,6.30225428203082,0.515439867395175
"Alaska Peninsula and Aleutian Islands","False Pass",54.8508333,-163.415,64,51563,0.546875,-0.0857142857142857,0.03125,-0.727272727272727,30.5,1988,65,100,193.15,NA,NA,0.390625
"Yukon","Farmers Loop",NA,NA,4517,100518,0.0777064423289794,NA,0.0830197033429267,NA,NA,NA,NA,NA,NA,NA,NA,NA
"Cook Inlet","Farm Loop",NA,NA,1119,88125,0.0455764075067024,NA,0.0250223413762288,NA,NA,NA,NA,NA,NA,NA,NA,NA
"Yukon","Ferry",64.0166667,-149.1166667,6,NA,0,NA,1,NA,NA,2015,57.1,78.6,63.45978,NA,NA,NA
"Cook Inlet","Fishhook",NA,NA,5866,95030,0.0465393794749403,NA,0.0492669621547903,NA,NA,NA,NA,NA,NA,NA,NA,NA
"Yukon","Flat",62.4536111,-158.0075,0,NA,NA,NA,NA,NA,NA,NA,NA,NA,NA,NA,NA,NA
"Yukon","Fort Greely",NA,NA,253,NA,0.0474308300395257,-0.84525993883792,0,NA,NA,NA,NA,NA,NA,1396.67,5.5204347826087,1.08300395256917
"Yukon","Fort Yukon",66.5647222,-145.2738889,568,39286,0.911971830985915,-0.0823909531502423,0.253521126760563,1,NA,1987,44.5,97.2,607.77,38.85,0.0683978873239437,0.246478873239437
"Yukon","Four Mile Road",NA,NA,4,NA,0.5,NA,0,NA,NA,NA,NA,NA,NA,NA,NA,NA
"Yukon","Fox",64.9580556,-147.6183333,403,NA,0.0471464019851117,2.27642276422764,0,NA,NA,NA,NA,NA,NA,NA,NA,0.00248138957816377
"Cook Inlet","Fox River",59.8583333,-150.9583333,625,51250,0,NA,0.1824,NA,NA,NA,NA,NA,NA,NA,NA,NA
"Cook Inlet","Fritz Creek",59.7361111,-151.2952778,2043,67969,0.0259422418012726,5.76490066225166,0.120900636319139,11,NA,NA,NA,NA,NA,NA,NA,0.0465002447381302
"Cook Inlet","Funny River",60.5019444,-150.7622222,972,71071,0.0473251028806584,NA,0.36522633744856,NA,NA,NA,NA,NA,NA,NA,NA,NA
"Copper River","Gakona",62.3019444,-145.3019444,166,60625,0.27710843373494,0.908045977011494,0.174698795180723,4,20,2012,73.8,92.8,95.94261,360.73,2.17307228915663,0.951807228915663
"Yukon","Galena",64.7333333,-156.9275,524,70536,0.595419847328244,-0.315032679738562,0.0877862595419847,-0.4,28,2010,46.25,75,118.7307,117.13,0.223530534351145,0.326335877862595
"Norton Sound","Gambell",63.7797222,-171.7411111,690,31667,0.92463768115942,0.550561797752809,0.430434782608696,NA,NA,NA,NA,NA,NA,NA,NA,0.0101449275362319
"Southeast","Game Creek",58.0566667,-135.5077778,0,NA,NA,NA,NA,NA,NA,NA,NA,NA,NA,NA,NA,NA
"Cook Inlet","Gateway",61.5727778,-149.2408333,6061,91538,0.107078039927405,NA,0.0780399274047187,NA,NA,NA,NA,NA,NA,NA,NA,NA
"Cook Inlet","Glacier View",NA,NA,220,55417,0.0772727272727273,NA,0.0545454545454545,NA,NA,1982,46.7,76.7,16.68,NA,NA,0.00909090909090909
"Copper River","Glennallen",62.1091667,-145.5463889,192,19073,0.0364583333333333,-0.62426614481409,0,3,-2,2013,45.4,84.4,56.97443,1199.75,6.24869791666667,2.91145833333333
"Yukon","Goldstream",NA,NA,3960,83599,0.0454545454545455,NA,0.0404040404040404,NA,NA,NA,NA,NA,NA,NA,NA,NA
"Norton Sound","Golovin",64.5433333,-163.0291667,132,33750,0.939393939393939,0.517241379310345,0.318181818181818,-0.235294117647059,-3,2012,72.7,100,92.83752,NA,NA,0.212121212121212
"Kuskokwim","Goodnews Bay",59.1188889,-161.5875,216,28125,0.990740740740741,0.285714285714286,0.398148148148148,-0.243243243243243,7,NA,NA,NA,NA,NA,NA,0.175925925925926
"Yukon","Grayling",62.9036111,-160.0647222,165,25938,1,-0.210526315789474,0.351515151515152,5,19,2011,68.29,100,121.8611,NA,NA,0.327272727272727
"Copper River","Gulkana",62.2713889,-145.3822222,74,NA,0.851351351351351,-0.288461538461538,0.189189189189189,NA,NA,2013,44.8,89.6,91.68707,NA,NA,NA
"Southeast","Gustavus",58.4133333,-135.7369444,472,57019,0.108050847457627,3.81632653061224,0.0550847457627119,2.125,26.5,1987,73.7,91.8,55.2,NA,NA,0.752118644067797
"Southeast","Haines",59.228589,-135.444114,1838,69292,0.108813928182807,0.850956696878147,0.0533188248095756,0.396825396825397,10,2012,63.6,91.7,46.6,288.58,0.157007616974973,0.489662676822633
"Cook Inlet","Halibut Cove",59.595,-151.225,36,95179,0.5,-0.234042553191489,0,-0.2,25.5,NA,NA,NA,NA,NA,NA,0.666666666666667
"Cook Inlet","Happy Valley",59.9472222,-151.7322222,636,40694,0.0880503144654088,NA,0.165094339622642,NA,NA,NA,NA,NA,NA,NA,NA,NA
"Yukon","Harding-Birch Lakes",NA,NA,125,46250,0.032,NA,0.088,NA,NA,NA,NA,NA,NA,NA,NA,NA
"Yukon","Healy",63.8569444,-148.9661111,1115,101136,0.0331838565022422,2.33832335329341,0.0807174887892377,2,NA,2014,33.9,67.7,9.308605,4417.51,3.96189237668161,0.386547085201794
"Yukon","Healy Lake",63.9872308,-144.6998325,3,NA,1,-0.909090909090909,0,NA,NA,NA,NA,NA,NA,NA,NA,NA
"Southeast","Hobart Bay",57.4658333,-133.3533333,0,NA,NA,NA,NA,NA,NA,NA,NA,NA,NA,NA,NA,NA
"Southeast","Hollis",55.5566667,-132.6363889,76,NA,0.368421052631579,NA,0.197368421052632,NA,NA,1998,60.9,80.4,39.74,65,0.855263157894737,0.0263157894736842
"Yukon","Holy Cross",62.1994444,-159.7713889,216,35750,0.935185185185185,-0.103734439834025,0.157407407407407,-0.583333333333333,4,1990,64.10256,NA,121.1816,40.62,0.188055555555556,0.236111111111111
"Cook Inlet","Homer",59.6425,-151.5483333,5418,57471,0.0998523440383906,1.45269352648257,0.0956072351421189,4.06730769230769,5,1982,54.3,86.7,19.88,34816.86,6.42614617940199,0.942045035068291
"Southeast","Hoonah",58.11,-135.4436111,774,59167,0.536175710594315,0.138235294117647,0.149870801033592,-0.20952380952381,16,2012,60.7,88.5,72,NA,NA,0.631782945736434
"Yukon","Hooper Bay",61.5311111,-166.0966667,1114,37000,0.958707360861759,0.776714513556619,0.459605026929982,-0.285714285714286,28,NA,NA,NA,NA,36.72,0.0329622980251347,0.149012567324955
"Cook Inlet","Hope",60.9202778,-149.6402778,55,NA,0,-0.466019417475728,0,2,32.5,1990,60.5,90.3,50.05,430.85,7.83363636363636,1.6
"Cook Inlet","Houston",61.6302778,-149.8180556,2028,52500,0.130177514792899,4.48108108108108,0.141518737672584,1,NA,NA,NA,NA,NA,2121.23,1.04597140039448,0.13905325443787
"Yukon","Hughes",66.0488889,-154.2555556,83,37813,0.879518072289157,0.136986301369863,0.228915662650602,1,NA,2014,19.2,57.7,157.1278,NA,NA,0.240963855421687
"Yukon","Huslia",65.6986111,-156.3997222,435,38125,0.917241379310345,1.31382978723404,0.255172413793103,NA,NA,1983,44.6,NA,554.51,175.49,0.403425287356322,0.204597701149425
"Southeast","Hydaburg",55.2080556,-132.8266667,291,31500,0.859106529209622,-0.023489932885906,0.243986254295533,-0.675,14.5,2012,72.9,100,214.4,320.72,1.10213058419244,0.350515463917526
"Southeast","Hyder",55.9169444,-130.0247222,0,NA,NA,-1,NA,1,NA,1987,54.5,66.7,121.24,NA,NA,Inf
"Bristol Bay","Igiugig",59.3277778,-155.8947222,47,46875,0.893617021276596,0.424242424242424,0.0425531914893617,0.333333333333333,3.5,2005,91.7,100,205.2,NA,NA,0.702127659574468
"Bristol Bay","Iliamna",59.7567965,-154.9110837,86,72083,0.720930232558139,-0.0851063829787234,0.151162790697674,-0.5,13,2004,100,100,370.1,40.62,0.472325581395349,1.75581395348837
"Chignik","Ivanof Bay",55.9,-159.4833333,0,NA,NA,-1,NA,-1,NA,1989,100,100,186.59,NA,NA,NA
"Southeast","Juneau",58.3019444,-134.4197222,32524,87436,0.170335752060017,0.665505940188447,0.0727155331447546,0.0282685512367491,15,NA,NA,NA,NA,51554.95,1.58513559217808,0.277610380027057
"Cook Inlet","Kachemak",NA,NA,537,75000,0.0949720670391061,0.332506203473945,0.0782122905027933,NA,NA,NA,NA,NA,NA,NA,NA,NA
"Southeast","Kake",56.9758333,-133.9472222,627,48500,0.771929824561403,0.12972972972973,0.191387559808612,-0.319148936170213,12.5,1996,61.6,98.6,43.64,0,0,0.347687400318979
"Arctic","Kaktovik",70.1319444,-143.6238889,166,53750,0.94578313253012,0.00606060606060606,0.036144578313253,NA,NA,1992,8.5,25.5,0.54,157.17,0.946807228915663,0.0843373493975904
"Cook Inlet","Kalifornsky",60.4183333,-151.29,8015,77756,0.0764815970056145,86.1195652173913,0.0859638178415471,NA,NA,NA,NA,NA,NA,NA,NA,NA
"Yukon","Kaltag",64.3272222,-158.7219444,152,25417,0.940789473684211,-0.384615384615385,0.164473684210526,0.166666666666667,2,1985,NA,NA,665.4,NA,NA,0.144736842105263
"Kodiak","Karluk",57.5719444,-154.4555556,45,NA,1,-0.53125,0.333333333333333,-1,NA,1991,100,100,192.21,NA,NA,0.422222222222222
"Southeast","Kasaan",55.5388889,-132.4008333,93,58750,0.483870967741935,2.72,0.021505376344086,NA,NA,1998,50,92.9,93.42,NA,NA,0.0967741935483871
"Kuskokwim","Kasigluk",60.8955556,-162.5180556,635,40625,1,NA,0.390551181102362,-0.162162162162162,12.5,NA,NA,NA,NA,NA,NA,0.0488188976377953
"Cook Inlet","Kasilof",60.3375,-151.2744444,407,53859,0.0221130221130221,1.02487562189055,0.0221130221130221,2.54285714285714,11.5,NA,NA,NA,NA,21229.04,52.1598034398034,3.00737100737101
"Cook Inlet","Kenai",60.5544444,-151.2583333,7551,58732,0.177327506290558,0.746299722479186,0.131240895245663,0.0591133004926108,19,1993,66.3,89.1,38.73,70142.4,9.28915375446961,0.741226327638723
"Copper River","Kenny Lake",61.7191667,-144.9483333,161,NA,0.335403726708075,NA,0.335403726708075,NA,NA,2012,56.4,85,93.61219,NA,NA,0.0062111801242236
"Southeast","Ketchikan",55.3422222,-131.6461111,8189,53937,0.212480156307241,0.137677132536816,0.132861155208206,-0.118959107806691,12,NA,NA,NA,NA,30347.49,3.70588472340945,0.658932714617169
"Kotzebue","Kiana",66.975,-160.4227778,342,41786,0.93859649122807,-0.00869565217391304,0.345029239766082,-0.5,24.5,2006,62.3,85.7,84.8,71.28,0.208421052631579,0.172514619883041
"Alaska Peninsula and Aleutian Islands","King Cove",55.0616667,-162.3102778,1080,72679,0.42962962962963,1.34782608695652,0.142592592592593,-0.333333333333333,13,1992,82.7,96,136.78,NA,NA,0.197222222222222
"Bristol Bay","King Salmon",58.6883333,-156.6613889,343,94167,0.230320699708455,-0.370642201834862,0.0991253644314869,0,18,2007,77.55102,85.71429,255.7254,NA,NA,1.04956268221574
"Kuskokwim","Kipnuk",59.9388889,-164.0413889,682,34250,0.997067448680352,0.838274932614555,0.366568914956012,-0.333333333333333,9,NA,NA,NA,NA,NA,NA,0.0249266862170088
"Kotzebue","Kivalina",67.7269444,-164.5333333,671,59063,0.982116244411326,1.78423236514523,0.263785394932936,-0.6,34,2007,30.95238,50,7.744395,NA,NA,0.0238450074515648
"Southeast","Klawock",55.5522222,-133.0958333,856,40000,0.531542056074766,1.69182389937107,0.179906542056075,2.71428571428571,-4,1997,68.9,88.7,104.89,NA,NA,0.592289719626168
"Southeast","Klukwan",59.4038889,-135.8844444,64,42083,0.859375,-0.525925925925926,0.125,-1,NA,1996,71,100,266.54,NA,NA,0.03125
"Cook Inlet","Knik-Fairview",NA,NA,17038,85335,0.0904448878976406,NA,0.075654419532809,NA,NA,NA,NA,NA,NA,NA,NA,NA
"Cook Inlet","Knik River",NA,NA,757,65625,0.0686922060766182,NA,0.0752972258916777,NA,NA,NA,NA,NA,NA,NA,NA,NA
"Kotzebue","Kobuk",66.9072222,-156.8811111,137,48750,0.970802919708029,1.20967741935484,0.335766423357664,NA,NA,2012,66.6,93.3,92.10528,168.76,1.23182481751825,0.0948905109489051
"Kodiak","Kodiak",57.79,-152.4072222,6272,67571,0.133609693877551,0.318755256518082,0.103635204081633,0.237226277372263,17,NA,NA,NA,NA,NA,NA,0.962850765306122
"Kodiak","Kodiak Station",NA,NA,1353,66167,0.024390243902439,-0.0124087591240876,0.0643015521064302,NA,NA,1991,90.3,96.8,32.64,NA,NA,NA
"Bristol Bay","Kokhanok",59.4419444,-154.7558333,145,35000,0.917241379310345,0.746987951807229,0.282758620689655,-0.0909090909090909,1.5,2005,82.9,97.1,512.8,NA,NA,0.2
"Bristol Bay","Koliganek",59.7286111,-157.2844444,162,55417,0.864197530864197,0.384615384615385,0.0925925925925926,0,16.5,2005,85.7,100,564.7,NA,NA,0.290123456790123
"Kuskokwim","Kongiganak",59.9532731,-162.8951327,446,38125,1,0.866108786610879,0.289237668161435,0.105263157894737,13,NA,NA,NA,NA,NA,NA,0.139013452914798
"Yukon","Kotlik",63.0341667,-163.5533333,662,38438,0.972809667673716,1.25938566552901,0.382175226586103,-0.0394736842105263,18,1980,85.7,NA,144.09,16.77,0.0253323262839879,0.13595166163142
"Kotzebue","Kotzebue",66.8983333,-162.5966667,3288,85278,0.721715328467153,0.600778967867575,0.177311435523114,0.433333333333333,12,2014,43.5,89.7,46.11355,991.89,0.301669708029197,0.202250608272506
"Norton Sound","Koyuk",64.9319444,-161.1569444,261,35000,0.961685823754789,0.388297872340426,0.452107279693487,-0.125,0,2006,70.2,98.6,129.1845,96.44,0.369501915708812,0.172413793103448
"Yukon","Koyukuk",64.8802778,-157.7008333,79,23438,0.987341772151899,-0.193877551020408,0.341772151898734,-1,NA,NA,NA,NA,NA,NA,NA,0.455696202531646
"Southeast","Kupreanof",56.8144444,-132.9805556,24,76250,0.416666666666667,-0.48936170212766,0.0833333333333333,NA,NA,NA,NA,NA,NA,NA,NA,NA
"Kuskokwim","Kwethluk",60.8122222,-161.4358333,787,47500,0.986022871664549,0.733480176211454,0.245235069885642,-0.356164383561644,6.5,2010,69.89247,97.84946,170.3463,54.51,0.0692630241423126,0.121982210927573
"Kuskokwim","Kwigillingok",59.8644444,-163.1341667,332,41250,0.993975903614458,-0.0621468926553672,0.189759036144578,-0.315789473684211,19,NA,NA,NA,NA,0,0,0.123493975903614
"Cook Inlet","Lake Louise",62.2813889,-146.5511111,7,NA,0,NA,0,NA,NA,2013,40,90,8.903222,NA,NA,NA
"Yukon","Lake Minchumina",63.8827778,-152.3122222,29,47500,0.137931034482759,NA,0.172413793103448,NA,NA,2002,16.66667,83.33334,1.3,NA,NA,0.172413793103448
"Cook Inlet","Lakes",NA,NA,8944,84821,0.11080053667263,NA,0.0737924865831843,NA,NA,NA,NA,NA,NA,NA,NA,NA
"Kodiak","Larsen Bay",57.54,-153.9786111,47,34750,0.617021276595745,-0.720238095238095,0.212765957446809,-0.473684210526316,26,2005,62.9,91.4,153.1,19.43,0.413404255319149,1.5531914893617
"Cook Inlet","Lazy Mountain",61.6261111,-148.9455556,1538,74886,0.0780234070221066,NA,0.0806241872561769,NA,NA,NA,NA,NA,NA,NA,NA,NA
"Bristol Bay","Levelock",59.1141667,-156.8588889,97,33750,0.989690721649485,0.227848101265823,0.237113402061856,-0.75,0,2005,64.3,92.9,151.8,NA,NA,0.43298969072165
"Kuskokwim","Lime Village",61.3563889,-155.4355556,3,NA,1,-0.9375,0.666666666666667,NA,NA,2007,85.71429,100,555.7982,NA,NA,NA
"Yukon","Livengood",65.5244444,-148.5447222,0,NA,NA,NA,NA,NA,NA,NA,NA,NA,NA,NA,NA,NA
"Southeast","Loring",55.6025,-131.6361111,0,NA,NA,NA,NA,NA,NA,NA,NA,NA,NA,NA,NA,NA
"Cook Inlet","Lowell Point",60.0725,-149.4411111,138,NA,0,NA,0.326086956521739,NA,NA,NA,NA,NA,NA,NA,NA,NA
"Kuskokwim","Lower Kalskag",61.5122222,-160.3580556,286,28750,0.947552447552448,0.16260162601626,0.381118881118881,-1,NA,2009,52.38095,88.88889,98.63276,NA,NA,0.104895104895105
"Southeast","Lutak",59.3411111,-135.5655556,0,NA,NA,NA,NA,NA,NA,NA,NA,NA,NA,NA,NA,NA
"Copper River","McCarthy",61.4333333,-142.9216667,28,NA,0,NA,0,NA,NA,2012,53.8,94.8,45.77987,NA,NA,NA
"Kuskokwim","McGrath",62.9563889,-155.5958333,332,58750,0.47289156626506,-0.0647887323943662,0.13855421686747,0,17,2011,40.74,88.89,66.00153,522.8,1.57469879518072,NA
"Yukon","Manley Hot Springs",65.0011111,-150.6338889,82,56667,0.231707317073171,0.344262295081967,0.304878048780488,0.75,32,2012,26.8,92.6,349.553,NA,NA,0.402439024390244
"Bristol Bay","Manokotak",58.9813889,-159.0583333,787,37708,0.801778907242694,1.67687074829932,0.1715374841169,-0.015625,18,2008,80.32787,96.72131,135.0306,NA,NA,0.273189326556544
"Yukon","Marshall",61.8777778,-162.0811111,343,30833,1,NA,0.297376093294461,2.54545454545455,14,2010,73.91304,91.30434,194.3151,NA,NA,0.384839650145773
"Cook Inlet","Meadow Lakes",61.6247222,-149.6011111,7694,60625,0.102157525344424,NA,0.138419547699506,NA,NA,NA,NA,NA,NA,NA,NA,0.000129971406290616
"Kuskokwim","Mekoryuk",60.3880556,-166.185,191,30417,0.979057591623037,0.19375,0.18848167539267,-1,NA,NA,NA,NA,NA,NA,NA,0.204188481675393
"Copper River","Mendeltna",62.0661111,-146.45,20,NA,0,NA,0,NA,NA,2013,70,100,25.48785,NA,NA,NA
"Copper River","Mentasta Lake",62.9211111,-143.7691667,181,33750,1,2.06779661016949,0.530386740331492,NA,NA,2010,30.4,100,43.42602,NA,NA,0.0331491712707182
"Kuskokwim","Mertarvik",NA,NA,0,NA,NA,NA,NA,NA,NA,NA,NA,NA,NA,NA,NA,NA
"Southeast","Metlakatla",55.1291667,-131.5722222,1620,53846,0.85679012345679,0.534090909090909,0.11358024691358,-0.672727272727273,29.5,1987,28.4,82.1,20.3,0,0,0.137037037037037
"Yukon","Minto",65.150411,-149.349708,213,35938,0.967136150234742,0.392156862745098,0.262910798122066,-1,NA,2012,30.4,91.3,96.81189,0,0,0.145539906103286
"Yukon","Moose Creek",64.71,-147.1436111,739,53879,0.0013531799729364,0.449019607843137,0.020297699594046,NA,NA,NA,NA,NA,NA,NA,NA,NA
"Cook Inlet","Moose Pass",60.4875,-149.3688889,354,NA,0.146892655367232,3.65789473684211,0.186440677966102,0.666666666666667,-21,2000,55.6,84.8,31.9,785.83,2.21985875706215,0.477401129943503
"Southeast","Mosquito Lake",59.5291667,-136.0911111,181,33269,0.143646408839779,NA,0.0607734806629834,NA,NA,NA,NA,NA,NA,NA,NA,NA
"Yukon","Mountain Village",62.0855556,-163.7294444,838,37813,0.924821002386635,0.437392795883362,0.337708830548926,-0.26530612244898,15,2010,55.65217,94.78261,111.9468,20.96,0.0250119331742243,0.300715990453461
"Southeast","Mud Bay",55.4208333,-131.7680556,197,NA,0.0355329949238579,NA,0,NA,NA,NA,NA,NA,NA,NA,NA,NA
"Yukon","Nabesna",62.3719444,-143.0086111,0,NA,NA,NA,NA,NA,NA,1987,50,100,93.27,NA,NA,NA
"Bristol Bay","Naknek",58.7283333,-157.0138889,544,79688,0.450367647058824,0.710691823899371,0.0477941176470588,0,20,2007,84,93.33,177.3634,40.62,0.0746691176470588,0.494485294117647
"Cook Inlet","Nanwalek",59.3563889,-151.9208333,216,35938,0.916666666666667,NA,0.462962962962963,6,NA,2014,75,85.7,173.546,NA,NA,0.087962962962963
"Kuskokwim","Napakiak",60.6966667,-161.9519444,404,30625,0.943069306930693,0.541984732824427,0.433168316831683,-0.365853658536585,20.5,2011,67.86,92.86,232.2375,40.62,0.100544554455446,0.155940594059406
"Kuskokwim","Napaskiak",60.7080556,-161.7661111,424,32143,0.94811320754717,0.737704918032787,0.308962264150943,-0.0740740740740741,9,2011,71.43,100,174.5496,NA,NA,0.153301886792453
"Southeast","Naukati Bay",55.8736111,-133.1847222,35,13295,0.171428571428571,NA,0.4,NA,NA,1998,68,88,48.59,NA,NA,0.228571428571429
"Copper River","Nelchina",61.9919444,-146.7686111,144,54063,0,NA,0.243055555555556,NA,NA,2013,50,66.6,27.71381,NA,NA,NA
"Alaska Peninsula and Aleutian Islands","Nelson Lagoon",56.0006152,-161.206974,46,67500,0.826086956521739,-0.220338983050847,0.0652173913043478,-0.375,15,1987,92.3,92.3,85.81,NA,NA,0.152173913043478
"Yukon","Nenana",64.5638889,-149.0930556,373,45000,0.447721179624665,-0.206382978723404,0.109919571045576,0.333333333333333,20,2015,26.1,76.1,45.76297,2178.69,5.84099195710456,0.552278820375335
"Yukon","New Allakaket",66.54268,-152.64769,72,25000,1,NA,0.333333333333333,NA,NA,NA,NA,NA,NA,NA,NA,NA
"Bristol Bay","Newhalen",59.72,-154.8972222,143,36250,0.895104895104895,0.64367816091954,0.265734265734266,-0.166666666666667,-3,2004,92,100,502.2,NA,NA,0.041958041958042
"Bristol Bay","New Stuyahok",59.4527778,-157.3119444,566,40417,0.992932862190813,0.709969788519637,0.295053003533569,-0.153846153846154,3,2005,73.5,89.8,188.3,0,0,0.300353356890459
"Kuskokwim","Newtok",60.9427778,-164.6294444,403,42917,0.995037220843672,2.0763358778626,0.409429280397022,-0.666666666666667,-14,NA,NA,NA,NA,NA,NA,0.0471464019851117
"Kuskokwim","Nightmute",60.4794444,-164.7238889,233,44375,0.939914163090129,0.957983193277311,0.236051502145923,-0.333333333333333,4.5,NA,NA,NA,NA,NA,NA,0.0987124463519313
"Cook Inlet","Nikiski",60.6902778,-151.2888889,5029,62959,0.154503877510439,NA,0.116126466494333,38,NA,2014,55.2,79.8,31.73623,8275.99,1.64565321137403,0.156293497713263
"Cook Inlet","Nikolaevsk",59.8119444,-151.6105556,257,29583,0.0311284046692607,NA,0.182879377431907,16,NA,1998,81.1,97.3,66.87,410.35,1.59669260700389,0.260700389105058
"Kuskokwim","Nikolai",63.0133333,-154.375,120,37083,0.875,0.318681318681319,0.175,NA,NA,2011,46.15,84.62,131.0696,69.97,0.583083333333333,0.416666666666667
"Alaska Peninsula and Aleutian Islands","Nikolski",52.9380556,-168.8677778,30,35000,0.6,-0.4,0.2,NA,NA,1990,85.7,100,160.98,NA,NA,0.266666666666667
"Cook Inlet","Ninilchik",60.0513889,-151.6688889,766,50391,0.191906005221932,1.24633431085044,0.0900783289817232,-0.25,19.5,1998,64.4,90.1,42.45,2946.27,3.84630548302872,0.70757180156658
"Kotzebue","Noatak",67.5711111,-162.9652778,403,44464,0.970223325062035,0.476190476190476,0.287841191066998,-0.2,21.5,2007,76.66666,94.44444,50.71005,111.9,0.277667493796526,0.193548387096774
"Norton Sound","Nome",64.5011111,-165.4063889,3782,78507,0.621364357482813,0.643633202955237,0.127710206240085,0,3.5,NA,NA,NA,NA,692.6,0.183130618720254,0.260179799048123
"Bristol Bay","Nondalton",59.9736111,-154.8458333,186,35500,0.89247311827957,0.0751445086705202,0.317204301075269,-0.857142857142857,18.5,2004,86.8,92.1,219.4,75.47,0.405752688172043,0.17741935483871
"Kotzebue","Noorvik",66.8383333,-161.0327778,605,42917,0.942148760330578,0.229674796747967,0.31900826446281,0.666666666666667,4.5,2012,39.7,90.3,103.0252,253.6,0.419173553719008,0.218181818181818
"Yukon","North Pole",64.7511111,-147.3494444,2300,69806,0.0560869565217391,2.1767955801105,0.0978260869565217,8,13,NA,NA,NA,NA,60725.02,26.4021826086957,2.9695652173913
"Yukon","Northway",62.9616667,-141.9372222,140,54375,0.764285714285714,0.917808219178082,0.4,NA,NA,2014,25.5,80,40.81117,NA,NA,0.5
"Yukon","Northway Junction",63.0022222,-141.7772222,56,56250,0.803571428571429,NA,0.339285714285714,NA,NA,NA,NA,NA,NA,NA,NA,NA
"Yukon","Northway Village",62.9822222,-141.9516667,98,20000,0.979591836734694,-0.125,0.510204081632653,NA,NA,NA,NA,NA,NA,NA,NA,NA
"Arctic","Nuiqsut",70.2175,-150.9763889,347,84464,0.887608069164265,0.668269230769231,0.0634005763688761,-1,NA,2014,39.7,63.8,9.365022,185.98,0.535965417867435,0.123919308357349
"Yukon","Nulato",64.7194444,-158.1030556,286,38182,0.972027972027972,-0.182857142857143,0.293706293706294,0.5,11,2010,63.09524,90.47619,108.3541,NA,NA,0.27972027972028
"Yukon","Nunam Iqua",62.5336111,-164.8411111,118,48750,0.872881355932203,0.145631067961165,0.11864406779661,18,NA,NA,NA,NA,NA,NA,NA,0.26271186440678
"Kuskokwim","Nunapitchuk",60.8969444,-162.4594444,642,39750,1,NA,0.484423676012461,-0.209302325581395,11,1983,64.7,NA,288.01,NA,NA,0.0934579439252336
"Kodiak","Old Harbor",57.2027778,-153.3038889,302,36667,0.857615894039735,-0.111764705882353,0.211920529801325,-0.558823529411765,7,2005,79.6,95.9,162,NA,NA,0.337748344370861
"Kuskokwim","Oscarville",60.7227778,-161.77,26,26875,1,-0.535714285714286,0.538461538461538,-1,NA,2010,75,100,256.0042,NA,NA,NA
"Kodiak","Ouzinkie",57.9236111,-152.5022222,189,35000,0.772486772486772,0.092485549132948,0.158730158730159,-0.666666666666667,30,2005,69.4,98.4,138.4,NA,NA,0.391534391534392
"Cook Inlet","Palmer",61.5997222,-149.1127778,6572,59718,0.138770541692027,2.06959364782812,0.107729762629337,1.44,19.5,NA,NA,NA,NA,105832.15,16.1034920876446,1.49041387705417
"Yukon","Paxson",63.0897222,-145.6130556,9,NA,0,-0.7,0,-1,NA,2013,62.5,100,56.94828,NA,NA,0.111111111111111
"Bristol Bay","Pedro Bay",59.7872222,-154.1061111,13,55625,0.692307692307692,-0.606060606060606,0.0769230769230769,-0.8,38,2004,83.3,100,250.3,NA,NA,1.30769230769231
"Southeast","Pelican",57.9608333,-136.2275,79,53500,0.518987341772152,-0.561111111111111,0.0379746835443038,-0.333333333333333,13.5,1987,74.2,94.8,60.33,NA,NA,1.15189873417722
"Chignik","Perryville",55.9139846,-159.1632767,94,32500,0.978723404255319,-0.153153153153153,0.425531914893617,-0.125,-3.5,2011,67.8,96.4,230.4749,NA,NA,0.436170212765957
"Southeast","Petersburg",56.8112667,-132.9512425,2996,64076,0.101134846461949,0.0620347394540943,0.0974632843791722,0.931578947368421,19,2000,47.2,78.4,60.18038,369.95,0.123481308411215,0.614819759679573
"Cook Inlet","Petersville",62.4963889,-150.7655556,0,NA,NA,NA,NA,NA,NA,1985,76.5,100,66.47,NA,NA,NA
"Bristol Bay","Pilot Point",57.5641667,-157.5791667,49,NA,0.938775510204082,-0.257575757575758,0.387755102040816,-0.727272727272727,22,2014,60,100,156.5136,NA,NA,0.714285714285714
"Yukon","Pilot Station",61.9388889,-162.875,600,32750,1,0.846153846153846,0.438333333333333,0.145833333333333,-1,2013,36.2,94.7,42.91676,NA,NA,0.138333333333333
"Yukon","Pitkas Point",62.0327778,-163.2877778,128,48750,1,0.454545454545455,0.1484375,-1,NA,NA,NA,NA,NA,NA,NA,0.0078125
"Kuskokwim","Platinum",59.0130556,-161.8163889,28,41250,1,-0.490909090909091,0.0357142857142857,0,-8,NA,NA,NA,NA,0,0,0.464285714285714
"Yukon","Pleasant Valley",64.8813889,-146.8686111,136,69205,0,NA,0.132352941176471,NA,NA,NA,NA,NA,NA,NA,NA,NA
"Southeast","Point Baker",56.3527778,-133.6211111,37,NA,0,-0.588888888888889,0.810810810810811,-0.642857142857143,5.5,1996,68.8,100,82.42,NA,NA,0.513513513513513
"Kotzebue","Point Hope",68.3486111,-166.7347222,604,60208,0.945364238410596,0.301724137931034,0.172185430463576,NA,NA,2014,60,91.4,39.68623,183.89,0.304453642384106,0.043046357615894
"Arctic","Point Lay",69.743857,-163.008442,306,59375,0.892156862745098,3.5,0.235294117647059,NA,NA,2012,28.57143,61.90476,33.71461,NA,NA,0.0620915032679739
"Cook Inlet","Point MacKenzie",61.3597222,-149.9783333,600,80417,0.293333333333333,NA,0.0183333333333333,NA,NA,NA,NA,NA,NA,NA,NA,NA
"Cook Inlet","Point Possession",NA,NA,0,NA,NA,NA,NA,NA,NA,NA,NA,NA,NA,NA,NA,NA
"Bristol Bay","Pope-Vannoy Landing",NA,NA,0,NA,NA,NA,NA,NA,NA,NA,NA,NA,NA,NA,NA,NA
"Bristol Bay","Portage Creek",58.9061111,-157.7175,0,NA,NA,-1,NA,-1,NA,NA,NA,NA,NA,NA,NA,NA
"Southeast","Port Alexander",56.2497222,-134.6444444,42,64500,0,-0.511627906976744,0,-0.384615384615385,16,1987,71.1,94.3,69.92,NA,NA,1.42857142857143
"Bristol Bay","Port Alsworth",60.2025,-154.3127778,156,79375,0.102564102564103,NA,0.0256410256410256,0.5,-10.5,2004,81.8,100,89,4.19,0.0268589743589744,0.826923076923077
"Norton Sound","Port Clarence",65.2622222,-166.8458333,43,NA,0,0.482758620689655,0,NA,NA,NA,NA,NA,NA,NA,NA,NA
"Cook Inlet","Port Graham",59.3513889,-151.8297222,197,31667,0.908629441624365,0.22360248447205,0.203045685279188,-0.722222222222222,11,2014,65.9,97.6,107.5487,NA,NA,0.0710659898477157
"Alaska Peninsula and Aleutian Islands","Port Heiden",56.9325614,-158.6249699,73,48750,0.73972602739726,-0.206521739130435,0,-0.529411764705882,15,1987,81.1,91.1,85.11,8.39,0.114931506849315,0.808219178082192
"Kodiak","Port Lions",57.8675,-152.8822222,240,54375,0.666666666666667,0.116279069767442,0.204166666666667,-0.0714285714285714,9.5,2005,71.4,96.4,154,NA,NA,0.4125
"Southeast","Port Protection",56.3172222,-133.5980556,44,NA,0,NA,0.727272727272727,NA,NA,1996,80,96,58.84,NA,NA,0.0681818181818182
"Cook Inlet","Primrose",NA,NA,105,NA,0.219047619047619,NA,0.0571428571428571,NA,NA,NA,NA,NA,NA,NA,NA,NA
"Arctic","Prudhoe Bay",70.2552778,-148.3372222,2530,NA,0.103162055335968,49.6,0.025296442687747,NA,NA,NA,NA,NA,NA,40.62,0.0160553359683794,0.00158102766798419
"Kuskokwim","Quinhagak",59.7488889,-161.9158333,729,35781,0.924554183813443,0.769417475728155,0.330589849108368,-0.0705882352941176,5,2013,71.6,94.5,102.8374,NA,NA,0.128943758573388
"Yukon","Rampart",65.505,-150.17,10,NA,1,-0.8,0,-0.857142857142857,36,2014,71.4,100,230.5524,NA,NA,0.7
"Kuskokwim","Red Devil",61.7611111,-157.3125,33,48750,0.696969696969697,-0.153846153846154,0.212121212121212,NA,NA,2009,72.72727,100,141.7301,NA,NA,0.363636363636364
"Kotzebue","Red Dog Mine",68.0755556,-162.8561111,76,NA,0,NA,0,NA,NA,NA,NA,NA,NA,NA,NA,NA
"Cook Inlet","Ridgeway",60.5319444,-151.0852778,2338,108409,0.105218135158255,NA,0.129597946963216,NA,NA,NA,NA,NA,NA,NA,NA,NA
"Yukon","Ruby",64.7394444,-155.4869444,214,25375,0.925233644859813,0.0862944162436548,0.369158878504673,-0.571428571428571,21,NA,NA,NA,NA,NA,NA,0.214953271028037
"Yukon","Russian Mission",61.785,-161.3202778,401,35000,0.892768079800499,1.37278106508876,0.374064837905237,0.125,7.5,2011,84.78,95.65,110.4148,NA,NA,0.246882793017456
"Alaska Peninsula and Aleutian Islands","Saint George",56.6,-169.5416667,74,56250,0.891891891891892,-0.531645569620253,0.121621621621622,NA,NA,1994,47.2,75,3.18,8.39,0.113378378378378,NA
"Yukon","Saint Marys",62.0530556,-163.1658333,521,43125,0.938579654510557,0.363874345549738,0.236084452975048,NA,NA,NA,NA,NA,NA,NA,NA,0.596928982725528
"Norton Sound","Saint Michael",63.4780556,-162.0391667,446,34750,0.982062780269058,0.866108786610879,0.36322869955157,4,21,2006,52.7,87.2,85.6149,40.62,0.0910762331838565,0.109865470852018
"Alaska Peninsula and Aleutian Islands","Saint Paul",57.1222222,-170.275,525,60000,0.798095238095238,-0.0471869328493648,0.116190476190476,NA,NA,1994,8.3,52.4,3.06,NA,NA,0.0114285714285714
"Cook Inlet","Salamatof",60.615375,-151.3194369,1074,57250,0.280260707635009,2.21556886227545,0.119180633147114,NA,NA,NA,NA,NA,NA,NA,NA,NA
"Yukon","Salcha",NA,NA,1068,77917,0.0131086142322097,2.34796238244514,0.099250936329588,8,NA,NA,NA,NA,NA,3130.31,2.93100187265918,0.370786516853933
"Alaska Peninsula and Aleutian Islands","Sand Point",55.3397222,-160.4972222,1248,65764,0.456730769230769,0.9968,0.177083333333333,-0.162162162162162,18,1992,72.1,99,137.47,40.62,0.0325480769230769,0.175480769230769
"Norton Sound","Savoonga",63.6941667,-170.4788889,932,34653,0.976394849785408,0.89816700610998,0.471030042918455,NA,NA,NA,NA,NA,NA,NA,NA,0.046137339055794
"Southeast","Saxman",55.3183333,-131.5958333,422,47000,0.796208530805687,0.545787545787546,0.125592417061611,NA,NA,1999,53.42466,90.41096,83.55069,3795.64,8.99440758293839,NA
"Yukon","Scammon Bay",61.8427778,-165.5816667,521,31875,0.994241842610365,1.084,0.428023032629559,-0.210526315789474,12.5,2013,66.3,97.7,85.40472,NA,NA,0.197696737044146
"Kotzebue","Selawik",66.6038889,-160.0069444,807,39063,0.990086741016109,1.23545706371191,0.392812887236679,1,5,2011,14.2,62.7,7.564653,0,0,0.102850061957869
"Cook Inlet","Seldovia",59.4380556,-151.7113889,247,43889,0.178137651821862,-0.484342379958246,0.0566801619433198,0.0606060606060606,14.5,2014,64.2,93.7,47.48528,201.39,0.815344129554656,0.805668016194332
"Cook Inlet","Seldovia Village",59.4780556,-151.6519444,175,61094,0.337142857142857,NA,0.102857142857143,NA,NA,NA,NA,NA,NA,NA,NA,NA
"Cook Inlet","Seward",60.1041667,-149.4422222,2714,70000,0.184229918938836,0.472599023331525,0.0578481945467944,-0.25,10,2000,56.7,86.5,46.4,6457.49,2.37932571849668,0.683124539425203
"Yukon","Shageluk",62.6822222,-159.5619444,59,NA,0.847457627118644,-0.549618320610687,0.271186440677966,NA,NA,2013,38.5,80.8,69.6096,NA,NA,0.389830508474576
"Norton Sound","Shaktoolik",64.3338889,-161.1538889,246,56250,0.967479674796748,0.5,0.158536585365854,0.08,4.5,NA,NA,NA,NA,NA,NA,0.154471544715447
"Kotzebue","Shishmaref",66.2566667,-166.0719444,539,30000,0.968460111317254,0.368020304568528,0.397031539888683,-0.5,17.5,2014,50,98.8,104.1716,50.31,0.0933395176252319,0.126159554730983
"Kotzebue","Shungnak",66.8880556,-157.1363889,290,40833,0.858620689655172,0.435643564356436,0.248275862068966,-1,NA,2012,39.1,86.9,56.16397,NA,NA,0.0551724137931034
"Copper River","Silver Springs",NA,NA,172,83750,0.063953488372093,NA,0.11046511627907,NA,NA,NA,NA,NA,NA,NA,NA,NA
"Southeast","Sitka",57.0530556,-135.33,8921,70160,0.217800694989351,0.143278226323209,0.0892276650599709,1.32642487046632,6.5,2013,54.3,88,46.46178,427.98,0.0479744423270934,0.459926017262639
"Southeast","Skagway",59.4583333,-135.3138889,972,64412,0.0925925925925926,0.265625,0.0545267489711934,4,NA,1987,38.8,72.8,17.67,90.02,0.0926131687242798,0.254115226337449
"Cook Inlet","Skwentna",61.9902778,-151.3977778,51,52750,0,NA,0.254901960784314,-1,NA,2012,76.6,90,54.27455,120.58,2.3643137254902,1
"Copper River","Slana",62.7069444,-143.9611111,0,NA,NA,-1,NA,NA,NA,2010,56.4,83.8,95.73872,NA,NA,Inf
"Kuskokwim","Sleetmute",61.7025,-157.1697222,84,33750,0.857142857142857,-0.214953271028037,0.30952380952381,1,NA,2009,75,96.875,277.099,NA,NA,0.226190476190476
"Cook Inlet","Soldotna",60.4877778,-151.0583333,4471,67434,0.0724670096175352,0.927155172413793,0.0492059941847461,0.558139534883721,20.5,NA,NA,NA,NA,76695.65,17.1540259449788,1.58152538581973
"Bristol Bay","South Naknek",58.7155556,-156.9980556,55,31250,0.854545454545454,-0.620689655172414,0.127272727272727,-0.543478260869565,15,2007,80.95238,95.2381,200.8209,NA,NA,0.618181818181818
"Yukon","South Van Horn",NA,NA,566,65781,0.201413427561837,NA,0.282685512367491,NA,NA,NA,NA,NA,NA,NA,NA,NA
"Norton Sound","Stebbins",63.5222222,-162.2880556,513,38906,0.97270955165692,0.549848942598187,0.345029239766082,-0.5,4.5,2006,82.9,97.8,347.6962,NA,NA,0.0428849902534113
"Yukon","Steele Creek",NA,NA,6693,82943,0.111459734050501,NA,0.0351113103242193,NA,NA,NA,NA,NA,NA,NA,NA,NA
"Cook Inlet","Sterling",60.5372222,-150.7647222,5661,74227,0.0559971736442325,5.15995647442873,0.0973326267443915,5.25,10.5,NA,NA,NA,NA,19378.64,3.42318318318318,0.289348171701113
"Yukon","Stevens Village",66.0063889,-149.0908333,20,NA,1,-0.791666666666667,0.65,-0.666666666666667,15.5,2014,50,50,307.3076,NA,NA,0.25
"Kuskokwim","Stony River",61.7830556,-156.5880556,45,NA,1,-0.274193548387097,0.6,NA,NA,2009,58.33333,100,365.9875,NA,NA,0.0888888888888889
"Cook Inlet","Sunrise",60.8897222,-149.4211111,53,170263,0,NA,0,NA,NA,NA,NA,NA,NA,NA,NA,NA
"Cook Inlet","Susitna",61.5436111,-150.5125,0,NA,NA,NA,NA,NA,NA,2012,72.7,100,44.31588,NA,NA,NA
"Cook Inlet","Susitna North",NA,NA,1332,45781,0.0923423423423423,NA,0.130630630630631,NA,NA,1985,53.3,66.7,21.67,NA,NA,NA
"Cook Inlet","Sutton-Alpine",NA,NA,1564,39063,0.235933503836317,NA,0.118925831202046,NA,NA,NA,NA,NA,NA,NA,NA,NA
"Kuskokwim","Takotna",62.9886111,-156.0641667,49,20625,0.510204081632653,0.0208333333333333,0.244897959183673,NA,NA,2011,14.29,42.86,1.376993,NA,NA,0.408163265306122
"Cook Inlet","Talkeetna",62.3238889,-150.1094444,844,59457,0.125592417061611,2.1969696969697,0.0438388625592417,1.33333333333333,31,2012,46,81.3,23.73306,5818.78,6.89428909952607,0.800947867298578
"Yukon","Tanacross",63.3852778,-143.3463889,164,19125,0.975609756097561,0.401709401709402,0.23780487804878,NA,NA,1987,22.2,85.2,38.61,NA,NA,0.152439024390244
"Cook Inlet","Tanaina",61.6269444,-149.4280556,9736,81109,0.108155299917831,NA,0.0747740345110929,NA,NA,NA,NA,NA,NA,NA,NA,NA
"Yukon","Tanana",65.1719444,-152.0788889,279,45313,0.885304659498208,-0.280927835051546,0.0501792114695341,-0.470588235294118,30,2014,31.8,84.8,691.6584,NA,NA,0.200716845878136
"Prince William Sound","Tatitlek",60.8647222,-146.6786111,132,NA,0.931818181818182,0.941176470588235,0,-1,NA,2014,70,90,101.7038,NA,NA,0.196969696969697
"Copper River","Tazlina",62.0588695,-145.4284212,322,61964,0.447204968944099,9.38709677419355,0.186335403726708,NA,NA,2013,70.8,92.4,102.1376,NA,NA,NA
"Norton Sound","Teller",65.2636111,-166.3608333,163,26875,1,-0.231132075471698,0.368098159509202,NA,NA,2006,77.7,98.1,199.7384,25.16,0.154355828220859,0.116564417177914
"Southeast","Tenakee Springs",57.7808333,-135.2188889,172,54375,0,0.246376811594203,0.0116279069767442,NA,NA,1987,48.3,77.4,49.34,NA,NA,0.25
"Yukon","Tetlin",63.1350512,-142.5238796,116,21250,0.78448275862069,0.0841121495327103,0.491379310344828,NA,NA,1987,4.8,24.8,2.48,NA,NA,NA
"Southeast","Thorne Bay",55.6877778,-132.5222222,625,62857,0.0224,0.953125,0.0896,7,16,1998,78.7,85.4,62.36,81.16,0.129856,0.504
"Bristol Bay","Togiak",59.0619444,-160.3763889,771,43333,0.892347600518807,0.640425531914894,0.263294422827497,0.260869565217391,11,2008,86.3,96.3,106.0464,NA,NA,0.439688715953307
"Yukon","Tok",63.3366667,-142.9855556,1239,59018,0.25181598062954,1.10356536502547,0.188861985472155,0,-4.5,2011,45.07042,69.01408,51.31817,1328,1.07183212267958,0.497175141242938
"Kuskokwim","Toksook Bay",60.5337752,-165.1036627,503,53750,0.958250497017893,0.510510510510511,0.188866799204771,0.125,18.5,NA,NA,NA,NA,0,0,0.25844930417495
"Copper River","Tolsona",62.0838889,-146.0702778,0,NA,NA,NA,NA,NA,NA,2013,50,87.5,127.521,NA,NA,NA
"Copper River","Tonsina",61.6558333,-145.1752778,14,NA,0,-0.896296296296296,0,NA,NA,2013,52.1,86.9,101.7588,NA,NA,NA
"Cook Inlet","Trapper Creek",62.3166667,-150.2313889,349,22300,0.131805157593123,NA,0.286532951289398,5,34,2012,45.5,82.3,24.95887,1570.71,4.50060171919771,0.498567335243553
"Kuskokwim","Tuluksak",61.1025,-160.9616667,431,24625,0.916473317865429,0.826271186440678,0.654292343387471,-0.117647058823529,9,2010,77.94118,95.58823,173.0255,NA,NA,0.0556844547563805
"Kuskokwim","Tuntutuliak",60.3430556,-162.6630556,447,35208,1,1.06944444444444,0.371364653243848,0.222222222222222,12,2013,62.7,98.5,137.9156,40.62,0.0908724832214765,0.252796420581655
"Kuskokwim","Tununak",60.5855556,-165.2558333,315,33333,0.971428571428571,0.0570469798657718,0.346031746031746,-0.714285714285714,-1,1986,93.9,100,113.8,NA,NA,0.13968253968254
"Bristol Bay","Twin Hills",59.0791667,-160.275,74,31250,0.986486486486487,0.0571428571428571,0.216216216216216,-0.454545454545455,-1.5,1999,91.7,100,172,NA,NA,0.135135135135135
"Yukon","Two Rivers",64.8722222,-147.0383333,343,65870,0.256559766763848,-0.0445682451253482,0.139941690962099,1,NA,NA,NA,NA,NA,1084.3,3.16122448979592,0.402332361516035
"Cook Inlet","Tyonek",61.0680556,-151.1369444,293,36750,0.873720136518771,0.225941422594142,0.228668941979522,-0.483870967741935,11.5,2013,81.63265,89.79592,117.4757,NA,NA,0.10580204778157
"Bristol Bay","Ugashik",57.5130556,-157.3975,14,54583,0.642857142857143,NA,0,-0.6,38.5,2014,100,100,787.476,NA,NA,0.214285714285714
"Norton Sound","Unalakleet",63.8730556,-160.7880556,696,64583,0.793103448275862,0.117174959871589,0.156609195402299,0.0735294117647059,9,2006,80.1,95.2,264.0692,331.92,0.476896551724138,0.278735632183908
"Alaska Peninsula and Aleutian Islands","Unalaska",53.8736111,-166.5366667,4710,92083,0.0581740976645435,2.56278366111952,0.0645435244161359,6,10,1994,67.1,91.9,53.8,81.16,0.0172314225053079,0.0562632696390658
"Kuskokwim","Upper Kalskag",NA,NA,264,37500,0.893939393939394,1.04651162790698,0.185606060606061,-0.5,3,2009,77.08334,95.83334,198.8035,75.47,0.285871212121212,NA
"Prince William Sound","Valdez",61.1308333,-146.3483333,3930,80357,0.125954198473282,0.276388437804482,0.0684478371501272,-0.0434782608695652,15,1993,57.1,65.7,22.61,11792.15,3.00054707379135,0.484732824427481
"Yukon","Venetie",67.0138889,-146.4186111,171,27813,0.988304093567251,0.295454545454545,0.532163742690059,NA,NA,NA,NA,NA,NA,NA,NA,0.0233918128654971
"Arctic","Wainwright",70.6369444,-160.0383333,488,51563,0.983606557377049,0.204938271604938,0.163934426229508,NA,NA,1989,7,NA,2.23,NA,NA,0.0266393442622951
"Kotzebue","Wales",65.6091667,-168.0875,166,33125,0.987951807228916,0.24812030075188,0.367469879518072,NA,NA,2006,56.4,92.3,88.41515,NA,NA,0.036144578313253
"Cook Inlet","Wasilla",61.5813889,-149.4394444,8972,61774,0.122269282211324,4.75497113534317,0.125724476148016,11.4615384615385,3.5,NA,NA,NA,NA,230113.4,25.6479491752118,2.42822113241195
"Southeast","Whale Pass",56.1152778,-133.1208333,0,NA,NA,NA,NA,NA,NA,2012,57.1,95.2,51.9,NA,NA,Inf
"Norton Sound","White Mountain",64.6813889,-163.4055556,168,34375,0.916666666666667,0.344,0.25,-1,NA,2006,87.2,92.7,145.5606,NA,NA,0.0892857142857143
"Yukon","Whitestone",NA,NA,231,NA,0,NA,0.051948051948052,NA,NA,NA,NA,NA,NA,NA,NA,NA
"Southeast","Whitestone Logging Camp",58.0711111,-135.4297222,0,NA,NA,NA,NA,NA,NA,1996,83.3,83.3,20.83,NA,NA,NA
"Prince William Sound","Whittier",60.7730556,-148.6838889,318,47813,0.141509433962264,0.606060606060606,0.119496855345912,0.5,24,1990,53.6,77,33.87,449.12,1.41232704402516,0.264150943396226
"Cook Inlet","Willow",61.7472222,-150.0375,2081,53958,0.094666025949063,13.9712230215827,0.156174915905815,0.25,17.5,NA,NA,NA,NA,11394.06,5.47528111484863,0.518981259010091
"Copper River","Willow Creek",61.8197222,-145.2122222,13,NA,0,NA,0,NA,NA,NA,NA,NA,NA,NA,NA,NA
"Yukon","Wiseman",67.41,-150.1075,12,NA,0,NA,0,1,36,2011,20,100,11.62938,0,0,0.833333333333333
"Kodiak","Womens Bay",57.6822222,-152.6686111,923,69866,0.152762730227519,NA,0.121343445287107,NA,NA,NA,NA,NA,NA,NA,NA,NA
"Southeast","Wrangell",56.4708333,-132.3766667,2401,52986,0.273635985006247,0.0993589743589744,0.0987088713036235,0.239130434782609,9,2000,45.91837,80.61224,25.53508,247.11,0.102919616826322,0.566430653894211
"Southeast","Yakutat",59.5469444,-139.7272222,618,66875,0.448220064724919,0.376391982182628,0.0825242718446602,0.404580152671756,20.5,2015,74.3,94.1,92.60751,NA,NA,0.475728155339806
